jd_idx,searched_role,jd
128,Product Marketing Manager,"The Marketing Manager will be responsible for executing lead generation, digital marketing, social media, SEO, content marketing, and campaign initiatives that support pipeline growth for Globalli's global payroll and HCM platform.



This role is designed for a hands\-on marketing professional who has experience supporting or leading lead generation initiatives and is ready to take broader ownership of revenue\-focused marketing programs in a fast\-paced SaaS environment.



The role is focused on execution, optimization, and measurable performance outcomes, working closely with Sales and Leadership to support lead generation and customer acquisition.


**What You'll Do**


*Lead Generation \& Pipeline Support*


* Execute marketing campaigns to drive qualified leads and support sales pipeline growth
* Support inbound and outbound marketing initiatives across digital and social channels
* Collaborate with Sales to align campaigns with target customer segments and revenue priorities
* Monitor and optimize campaign performance based on conversion and engagement metrics


*Social Media \& Content Marketing*


* Own execution of social media strategy and day\-to\-day management across LinkedIn and other relevant platforms
* Manage execution of content marketing initiatives across LinkedIn, email, and web channels
* Support development and distribution of thought leadership, product messaging, and customer stories
* Maintain a content and social calendar, ensuring consistent execution and posting cadence
* Support brand awareness through consistent digital and social presence across channels


*SEO \& Website Optimization*


* Execute SEO initiatives to improve organic visibility and website traffic
* Identify keyword opportunities and support content optimization efforts
* Monitor website performance and recommend improvements to increase engagement and conversions


*Marketing Systems \& Reporting*


* Use HubSpot and other marketing tools to execute and track campaigns
* Maintain accurate marketing data and campaign tracking
* Monitor key performance metrics including lead volume, traffic, social engagement, and conversion rates
* Provide regular reporting on campaign performance and insights


*Cross\-Functional Collaboration*


* Work closely with Sales, Product, Customer Success, and Leadership teams
* Support go\-to\-market initiatives including product updates and campaign launches
* Contribute to improving marketing effectiveness through feedback and insights


**What You'll Bring**


*Experience*


* 4–7\+ years of experience in Marketing, Lead Generation, Social Media, or Digital Marketing
* Experience in B2B SaaS strongly preferred
* Exposure to lead generation, social media management, or revenue\-focused marketing programs
* Experience working with Sales teams or revenue\-driven environments


*Skills*


* Strong understanding of digital marketing, lead generation, social media strategy, and campaign execution
* Experience managing social media platforms (especially LinkedIn), email marketing, and content distribution
* Strong writing and communication skills
* Ability to manage multiple priorities in a fast\-paced environment
* Analytical mindset with ability to interpret marketing performance data


*Technical*


* Experience with HubSpot or similar CRM/marketing automation tools
* Familiarity with SEO tools and website analytics (e.g., Google Analytics)
* Comfortable working with marketing funnel metrics and reporting dashboards


*Preferred Qualifications*


* Experience in HR tech, payroll, PEO, or fintech SaaS environments
* Experience in high\-growth or early\-stage startup environments
* Exposure to account\-based marketing (ABM) or lifecycle marketing
* Experience supporting or coordinating freelancers, agencies, or interns (not required)"
135,Social Media Manager,"**Company Overview:**

Blue Kangaroo Packoutz is the trusted name for comprehensive contents, furniture, art, and document restoration services. We offer comprehensive contents cleaning and restoration solutions to help homeowners, property owners, businesses, and institutions restore what they value most. Clients seek out Blue Kangaroo PACKOUTZ after fire, water, mold, or other damage—it’s a very sensitive situation they’re facing, so we work hard to make the restoration process seamless and stress\-free.

**Benefits/Perks:**

* Career Advancement Opportunities
* Paid Training (must be willing to travel for initial training)
* Active Work Environment

**Job Summary:**

This position is responsible to both supervise and provide operational support in packout and remediation efforts for homeowner contents. Main functions will include overseeing and performing tasks related to contents packing, moving, and cleaning; deodorizing; manipulation; and storage. Pay will be dependent upon experience with potential for bonus opportunities.

**Responsibilities:**

* Oversee the inventory, packout, cleaning, vaulting, wrapping, staging, and pack back of contents
* Point of contact communicating with homeowners and insurers, while reporting to General Managers
* Responsible for the safety program and training new hires
* Perform Dry and Wet mitigation/pre\-cleaning using accepted procedures
* Manipulate contents at the client site to allow for the remediation crew to perform required tasks
* Applies inventory management for client contents in line with Blue Kangaroo Packoutz procedures
* Correctly wrap and package contents to prevent damage during transport
* Accurately load and unload contents on and off the truck
* Transport contents to cleaning facility for cleaning and storage
* Adhere to MSDS recognized standards
* Perform daily vehicle safety and maintenance inspections and maintain in clean serviceable condition
* Adhere to appearance guidelines and corporate values

**Qualifications:**

* Restoration, moving, or insurance industry experience preferred
* Must be able to identify Product (consumables), usage, and disposal requirements with training
* Eligible to operate a motor vehicle per Blue Kangaroo PACKOUTZ’s vehicle policy
* Forklift certification or ability to become certified
* Possess a sense of urgency, professional demeanor, positive attitude, and strong work ethic
* Strong customer orientation with excellent interpersonal communication skills
* Ability to lead and multitask in a fast\-paced environment
* Comprehensive understanding of customer service principles and practices Physical Requirements
* Frequent lifting in excess of 75 lbs
* Access and mobility in tight spaces

**Knowledge/Skills/Abilities:**

* Demonstrated ability in planning and managing multiple projects, and in problem analysis and problem resolution
* Strong decision making skills
* Demonstrated leadership skills
* Ability to effectively communicate verbally and in writing
* Detail oriented with excellent organizational skills

**Working Conditions / Physical Abilities:**

* Must be able to ride and/or operate a motor vehicle on a daily basis for extended periods of time
* Climb in and out of vehicles and stairs
* Frequently operates forklifts, power tools, and hand tools
* Continuously sits, walks, bends, crouches, kneels, climbs, lifts (occasionally above shoulder)

Job Type: Full\-time

Pay: $45,000\.00 \- $55,000\.00 per year

License/Certification:

* Forklift Certification (Preferred)
* Driver's License (Required)

Willingness to travel:

* 75% (Preferred)

Work Location: In person"
296,Graphic Designer,"Description:  



The Pre\-Press Graphic Designer provides critical support to the sales and production teams by preparing accurate, press\-ready files for print and ensuring artwork meets production specifications and client expectations. This role is responsible for reviewing customer\-supplied files, making necessary adjustments for print compatibility, and generating proofs for approval. The ideal candidate has strong computer skills, a solid command of Adobe Creative Suite (particularly Illustrator and Acrobat), and the ability to manage multiple projects in a fast\-paced, collaborative environment. A keen eye for detail, print production knowledge, and excellent file organization are essential.

**Essential Functions and Duties**

* Prepare and finalize artwork for wide\-format printing, packaging, and signage applications
* Review customer\-supplied files and correct issues related to color, resolution, bleed, and layout
* Preflight and package print files for internal production or outsourced vendors
* Cross\-reference artwork with job specs and purchase orders to ensure accuracy
* Create digital proofs for internal approval and client sign\-off
* Communicate file status, proof approvals, and production concerns with the sales and coordination teams
* Update the production job board with artwork completion and release timelines
* Ensure files are set up correctly for various production equipment (e.g., flatbed printers, cutters, routers)
* Maintain organized file systems and follow version control best practices
* Perform additional design or production tasks as assigned


Requirements:  



* 2 years of print experience
* Minimum of bachelor’s degree in design or related field
* Proficient in Adobe Illustrator and Photoshop; competent in Microsoft Office products
* Always strive to adhere to Duncan\-Parnell’s Mission Statement

**Competencies**

* Strong work ethic
* Meticulous attention to detail \& accuracy
* Self\-Motivation \- Must be able to work independently
* Team Player

  



**Compensation and Benefits Include:**

* Competitive Salary
* Medical, dental, vision, accident, life, \& long\-term disability insurance available
* Medical and dependent care FSA or HSA
* 401(k) retirement plan
* Paid parental leave
* PTO \& Holidays"
258,Chef,"**City, State:**
================


Aurora, Colorado **Title:**Executive Chef

**Location:***Denver, CO*

**FLSA:***Exempt*

**Status:***Full\-time*

**Reports to:**General Manager

**Supervises:**Culinary Team Members

 **Pay Range:**$85,000\.00 \- $95,000\.00 Annually

**Job Summary:** The Executive Chef oversees all food purchasing and preparation for the hotel's food service outlets and events. This role ensures that culinary standards are maintained, supervises kitchen staff, and collaborates with other departments to provide high\-quality dining experiences while managing food costs and ensuring compliance with health and safety regulations.

 **Essential Functions** **and Duties****:**

* Oversee daily kitchen operations, including food preparation, menu planning, and staff supervision.
* Ensure food quality meets culinary standards and exceeds guest expectations.
* Control food costs by managing inventory, purchasing, and minimizing waste.
* Train, mentor, and provide feedback to kitchen staff to maintain consistent quality.
* Ensure kitchen compliance with health, safety, and sanitation regulations.
* Collaborate with departments to plan and execute special events, banquets, and other food service needs.
* Develop and update menus, incorporating seasonal ingredients and current trends.
* Conduct regular inspections of kitchen equipment and workstations for cleanliness and efficiency.
* Maintain relationships with vendors to ensure high\-quality ingredient sourcing.
* Monitor kitchen performance and implement improvements to enhance efficiency.
* Work closely with the Director of Food \& Beverage to meet financial and operational goals.
* Ensure all kitchen operations align with the hotel’s brand standards and guest satisfaction goals.
*Reasonable* *accommodations* *may be made to enable qualified individuals with disabilities to perform the essential duties.*

**Required Experience, Education, and Skills:**

* Bachelor’s degree in Culinary Arts or a related field; or equivalent experience in culinary management.
* Minimum of 5 years of experience as an Executive Chef or in a similar leadership role.
* Expertise in food preparation, presentation, and menu development.
* Strong knowledge of food safety, sanitation, and health regulations.
* Proven ability to manage food costs, control budgets, and optimize profitability.
* Excellent leadership and communication skills to manage kitchen staff effectively.
* Ability to work in a fast\-paced environment, handling multiple tasks and maintaining attention to detail.
**Work Environment****:**

* Primarily an indoor environment, working in a kitchen and office setting.
* Frequent exposure to kitchen equipment, heat, and cleaning chemicals.
* Requires standing and walking for extended periods during food preparation and service.
* Must be able to lift and carry up to 50 lbs.
* Flexibility to work evenings, weekends, and holidays as needed to meet business demands.
**Other Duties:**


Please note this job description is not designed to cover or contain a comprehensive listing of activities, duties, or responsibilities that are required of the team member for this job. Duties, responsibilities, and activities may change at any time with or without notice.


Equal Employment Opportunity: Stonebridge is committed to equal employment opportunities. We do not discriminate based on race, color, religion, sex, pregnancy, national origin, ancestry, age, marital status, sexual orientation, veteran status, physical or mental disability, or medical condition. All aspects of employment, including recruitment, hiring, advancement, compensation, benefits, training, promotion, transfer, discipline, layoff, recall, and termination, will be conducted without discrimination. Reasonable accommodations will be made for disabled team members.


Resumes and applications for employment will be evaluated based on qualifications and the ability to meet the position's requirements.


All Stonebridge openings are projected to close within 30 days of the original posting date. This position will no longer be available 30 days from:


2026\-07\-13
Stonebridge offers comprehensive benefits including medical, dental, vision, PTO, 401(k) matching, wellness support, life and disability coverage, savings accounts, tuition aid, and travel and lodging perks.

  

It is unlawful in Massachusetts to require or administer a lie detector test as a condition of employment or continued employment. An employer who violates this law shall be subject to criminal penalties and civil liability."
69,QA Engineer,"**About Us**
------------

QISG leverages Quanta’s comprehensive resources to deliver collaborative solutions for our partners' energy infrastructure needs. We use in\-house talent, expertise and resources to plan, design, engineer, manage, conduct maintenance on and construct projects.  

Our turnkey service capabilities provide our customers with efficiency, consistency, attention to detail and safe execution. The QISG team brings together Engineering, Safety, Quality, Material Procurement, QA/QC, Right\-of\-Way Acquisition, Scheduling, Environmental Planning, Permitting, Title and Land Management expertise that ensure outstanding results for our clients.
**About this Role**
-------------------

Quanta Infrastructure Solutions Group, LLC (QISG), a Quanta Services, Inc. company (NYSE: PWR), is looking for an experienced attorney who, in consultation with management, provides guidance, direction, and assistance on a wide variety of legal matters. The position will be based, at the employee’s option, in our Houston, Texas (part of the Quanta Services, Inc. complex), Overland Park, Kansas, or Scottsdale, Arizona offices and report to QISG’s Group General Counsel or his designee. Its primary focus will be the review and negotiation of large complex EPC projects in the electric power, power generation, and ancillary industries, from the initial proposal phase through project execution, as well as support of negotiations and renewals of master services agreements with customers.  

Job title and compensation will be dependent upon level of relevant experience and qualifications.
**What You'll Do**
------------------

* Draft, review, and negotiate contracts with customers (EPC, Design\-Build, CMAR, MSA, etc.).
* Assist Commercial Development, Supply Chain / Procurement, and Operations groups with negotiation of contracts and purchase orders with joint venture partners, subcontractors, and vendors.
* Provide contract support and advise on contract issues as needed during project execution, including change orders.
* Assist with potential claims, litigation and regulatory investigations.
* Travel to various company locations, project sites, legal proceedings, and contract negotiations as required.
* Other duties as assigned.

  


**What You'll Bring**
---------------------

* Juris Doctorate granted by an ABA accredited law school.
* Current license to practice law.
* 5 \- 10 years of legal transactional/commercial experience, including customer contracts and face\-to\-face negotiations.
* Minimum of 1 year of experience negotiating contracts in the engineering or construction industry.
* Experience related to EPC projects in the electric power (transmission and distribution) or power generation (natural gas) industries strongly preferred.
* Mergers and acquisitions (M\&A) deal background preferred, but litigation background with considerable
* EPC experience will be considered.
* Experience negotiating joint venture agreements preferred.
* Proficiency in Microsoft Office.
* Self\-starter who can work independently while supporting the needs of the team.
* Excellent communication skills (both written and verbal).
* Ability to communicate effectively to all levels of the organization.
* Analytical and detail oriented.
* Ability to manage and prioritize work in a fast\-paced environment.
* Ability to be self\-directed and exercise independent judgment.


**What You'll Get**
-------------------

* Competitive Compensation
* 401(k) Retirement Plan
* Holiday Pay
* Paid Time Off (PTO)
* Comprehensive Health Coverage
* Pet Insurance
* Employee Assistance Program (EAP)
* Professional Development
* Tuition Assistance
* Employee Discount Program


**Equal Opportunity Employer**
------------------------------

All qualified applicants will receive consideration for employment and will not be discriminated against on the basis of race, color, religion, national origin or ancestry, sex (including gender, pregnancy, sexual orientation, and/or gender identity), age, disability, genetic information, veteran status, and/or any other basis protected by applicable federal, state or local law.  

  

We are an Equal Opportunity Employer, including disability and protected veteran status.
  

  

We prohibit all types of discrimination and are committed to providing access and equal opportunity for individuals with disabilities. For additional information or if reasonable accommodation is needed to participate in the job application, interview, or hiring processes or to perform the essential functions of a position, please contact us the Company’s Human Resources department."
282,Real Estate Agent,"The Sales Executive position pays a base wage of $7\.25 per hour with production pay where the annual pay range (base wages \+ production pay) for Ocean Watch Owner Line Worksite in 2024 was between $123,983 and $548,547\.


Are you looking for a place where meaningful moments are made together?

  

We make vacation dreams come true for travelers around the world in a supportive, friendly, and beautiful work environment. As a **Sales Executive Trainee**, you will assist in providing our Owners/guests with experiences and events to make memorable vacation memories, where meaningful moments are made together.

 **Where great benefits lead to a life fulfilled****:**

* Uncapped earning potential (wages, monthly incentives, annual bonuses, contests)
* Competitive Pay
* Medical/Dental/Vision/401K opportunities
* Travel discounts
* Credit Union Membership
* Tuition Reimbursement
* Professional Counseling \& Family Support
* Growth and Development Opportunities
 **As a Sales Executive** **Trainee****, a typical day** **will include:**

* Answer Owner questions regarding the use of properties and location amenities; make recommendations given the background information obtained on the owner through discovery.
* Follow up on referrals/leads from Owners.
* Fulfill requests from Owners or prospects regarding pricing, property maps, property descriptions, room locations, and portfolio/network information.
* Contact Owners to monitor satisfaction, make them aware of upcoming promotions, and develop business opportunities (e.g., reloads, referrals).
* Develop and maintain records on customer contacts and use that information to support effective follow\-up opportunities.
 **Guest Experience and Company Standards****:**

* Welcome and greet all guests and anticipate and address their needs.
* Interact with colleagues and guests professionally and promptly.
* Contribute to team goals.
* Always follow company policies and safety procedures.
 **To Become a Sales Executive T****rainee****:**

* Available to work a flexible schedule to include weekends and holidays.
* Position may require background and drug screening, in accordance with state and local requirements.
* The incumbent is required to maintain an active and in good standing professional Real Estate License where mandated by law.
* One\-year related experience is preferred.
* Reach overhead and below the knees, perform bending, twisting, pulling, and stooping, and be able to stand, sit, or walk for an extended period of time.

Marriott Vacations Worldwide is an equal opportunity employer committed to hiring a diverse workforce and sustaining an inclusive culture."
202,Graphic Designer,"**About the Role**
------------------


Total Wine \& More is seeking a **Senior Graphic Designer** to join our in\-house creative team in Bethesda, MD. This role will help shape captivating visual experiences across multiple channels including web and digital display. As a member of our design team, you will be an integral part of our marketing communications efforts responsible for design solutions that resonate with our customers and drive engagement. The ideal candidate will be a creative powerhouse with an eye for detail and a passion for visual storytelling. You will report to the Creative Manager, Web and Display.

**You will**
------------

* Think strategically to translate briefs into effective digital design solutions, balancing creativity, usability, performance, and customer needs in service of business goals.
* Collaborate closely with cross functional partners (marketing, digital merchandising, UX, operations) to align on best practices and incorporate feedback to ensure work flows smoothly from concept through execution.
* Contribute to the development of campaign creative concepts that drive cohesive storytelling and consistency across digital and print experiences.
* Drive brand consistency and a seamless customer experience across digital channels by implementing best practices, processes, and partnerships that improve efficiency and performance within assigned channels.

**You will come with**
----------------------

* Bachelor’s degree in graphic design or related field preferred or equivalent years of experience
* 1\-4 years of Digital Design experience preferably in a marketing communications/in\-house agency environment
* Ability to thrive in a fast\-paced, high\-volume environment
* High proficiency in Adobe Creative Suite (Photoshop, Illustrator, InDesign, After Effects) and Figma, with the ability to translate concepts into polished, production ready digital assets
* Strong knowledge of digital design best practices, including responsive web design, UX/UI principles, and designing for multiple breakpoints, devices, and platforms
* Strong eye for typography, layout, visual hierarchy, and design principles that support clear storytelling and contribute to customer engagement and click‑through rates
* A strong understanding of WCAG accessibility standards, ADA\-compliant design, and inclusive design practices for web and display experiences
* Power user of Mac\-based OS
* Experience developing animation is an added bonus
* Retail experience and knowledge of the wine \& spirits industry a plus

**We offer**
------------

* Paid Time Off (PTO)
* Generous store discounts
* Health care plans (medical, prescription, dental, vision)
* 401(k), HSA, FSA, Pre\-tax commuter benefits
* Disability \& life insurance coverage
* Paid parental leave
* Pet insurance
* Critical illness and accident insurance
* Discounted home and auto insurance
* College tuition assistance
* Career development \& product training
* Consumer classes
* *\& More!*

**Crafted for you**
-------------------


We recognize our team members are our biggest asset, and we value the critical role each play in contributing to the company’s success. It is our commitment to support and provide access to the resources needed to take care of their health and wellbeing. That is why we offer a variety of benefits, tools, and resources to support through our Total Rewards program. To view our full career page, click here: https://careers.totalwine.com/!

*Total Wine \& More considers several factors when establishing compensation. Compensation may vary based on a number of factors including, but not limited to, market location, job\-related knowledge, skills and/or experience. The actual hourly rate will equal or exceed the required minimum wage applicable to the job location. Estimated salaries determined by third parties have not been validated by Total Wine \& More.*

*Total Wine \& More is an equal opportunity employer and all qualified applicants will receive consideration for employment without discrimination based on race, color, religion, national origin, sex, sexual orientation, age, marital status, veteran status, disability, or any other characteristic protected by applicable law. Total Wine \& More makes reasonable accommodations during all aspects of the employment process, including during the interview process. Total Wine \& More is a Drug Free Workplace.*

*The information provided above indicates the general nature and level of work required of the position and is not a comprehensive list of all responsibilities or qualifications. Benefits list is only a highlight of some of the benefits offered to team members; eligibility for certain benefits apply.* *The anticipated close date of this posting is 120 days from the posted date indicated above.*

***Pay Range:*** *$70,470 \-$114,400 Annually*

**Worker Type:**
================

Regular**Pay Range:**
==============


$70,470\.00 \- $114,400\.00 Annual"
244,Fashion Designer,"**Job Description** **About the Role**


As a Sales Advisor, you'll be responsible for providing excellent customer service, welcoming \& guiding customers through your store to actively sell our products and providing customers with support \& guidance. You'll use your fashion and product knowledge to provide our customers with all the relevant information they need for the best experience. You'll also work on garment refill \& care, presentation and contribute to a clean and tidy sales floor and back of house, working closely with the rest of your store team to deliver an excellent customer experience.

**A Day** **in the Life**


Working at H\&M means no two days are ever the same, but a typical day will include the following responsibilities\*

***Customer Sales \& Profit***

* Provide excellent customer service: welcoming \& guiding customers through the store \& OMNI experience where available, supporting them with direct customer service
* Willingness to engage and have conversations with customers to provide excellent service
* Guide customers through our fashion trends, stories \& products in all areas of the store
* Ability to effectively promote and sell our products to customers
* Actively promote our Customer Loyalty App (Hello Member) \& in\-store sustainability initiatives
* Representing yourself and the H\&M brand positively during all customer interactions
* Support with commercial or operational actions to reach sales targets with store management team

**General Information**

***Fashion \& Trend Awareness***

* Keep up\-to\-date with fashion scene, trends, tendencies, styles, brands, products, competitors, and relevant influencers, etc.
* Use your product \& fashion knowledge to share relevant information to customers

***Team \& Development***

* Retain and share your service, fashion and store operations knowledge and skills with colleagues
* Follow all procedures, routines, and legal requirements in all areas of the store
* Give \& receive feedback with your colleagues to learn, develop \& support each other
* Participate in relevant available Onboarding, introduction processes \& trainings and courses relevant for your role \& future development

***Retail Operations/ Visual \& Commercial Execution***

* Complete full garment cycle from unpacking and refill to steaming and ensure good garment care
* Operate fitting room and checkout areas according to best practice \& processes
* Contribute to a clean and tidy sales floor and back of house (including stockrooms)
* Support with garment presentation, execution and maintain attractive merchandise displays, clear trends \& stories according to visual \& commercial guidelines
* Ensure good stock levels with replenishment routines on sales floor
* Upkeep \& follow best practice for any in\-store OMNI Services \& in\-store tech services/tools, etc (Instore Care App, Click \& Collect, Smart Store etc)
* Support with opening and closing of the store
* Following all H\&S guidelines and legal requirements applicable to role and responsibilities

  

**Qualifications** **Who** **You Are**

* As a Sales Advisor, you'll be passionate about fashion and everything we create in\-store.
* Motivated by giving customers a great experience.
* You should also be communicative, creative and curious, motivated, flexible, decisive, and action\-oriented.
* You should also enjoy working in a collaborative and dynamic environment.
* You have sales experience working in a dynamic and collaborative environment that you can apply to your role
* Experience working with customer service in fashion, retail or other service\-related industries

**Why** **You'll Love Working at H\&M**

* We value diverse backgrounds, including but not limited to race, ethnicity, gender, age, religion, sexual orientation, and disability
* We pride ourselves on being a values\-driven organization, guided by our 7 unique values that have been part of our success story for over 75 years
* You'll have access to our Colleague Resource Groups (CRGs) to find community and networking opportunities among colleagues
* We are an inclusive company where you're encouraged to be yourself at work
* You will have access to a large global talent community, where career growth and aspirations have no limits
* We believe in supporting your overall wellbeing and offer comprehensive benefits inclusive of health insurance, wellness and family support programs, company match retirement plan, paid leave programs, and paid time off, including a community day to serve your local community
* You'll be able to express your personal style with our employee discount at H\&M, \& Other Stories, and COS

  

**Additional Information** **Job Status:** Hourly, Non\-Exempt

**EEOC Code:** SLS

**Compensation:** *Sales Associates Pay Rate $17\.00 per hour\*\**

* This job posting highlights the most critical responsibilities and requirements of the job and is not all\-inclusive. There may be additional duties, and responsibilities assigned for this job at the company's discretion.


\*\*H\&M, in good faith, has assessed this posted range of compensation as the accurate range for this role and location at the time of this posting. H\&M may ultimately pay more or less than the posted range depending on candidate qualifications. This range may be modified in the future.

*We**are**committed**to**providing reasonable* *accommodations for applicants with disabilities.* *If**you* *require assistance* *or accommodation during the application or interview process, please contact us at* *https://hm.ethicspoint.com**, and use Ask a Question.*

**Benefits:**

We offer all our employees at H\&M Group attractive benefits with extensive development opportunities around the globe. All our employees receive a staff discount card, usable on all our H\&M Group brands in stores and online. Brands covered by the discount are H\&M (Beauty and Move included), COS, Weekday, Monki, H\&M HOME, \& Other Stories, ARKET, Afound. In addition to our staff discount, all our employees are included in our H\&M Incentive Program – HIP. You can read more about our H\&M Incentive Program here.


In addition to our global benefits, all our local markets offer different competitive perks and benefits. Please note that they may differ between employment type and countries.

**Inclusion \& Diversity:**


H\&M is a part of H\&M Group. At H\&M Group, we’re determined to create and maintain inclusive, diverse and equitable workplaces throughout our organization. Our teams should consist of a variety of people that share and combine their knowledge, experience and ideas. Having a diverse workforce leads to a positive impact on how we address challenges, on what we perceive possible and on how we choose to relate to our colleagues and customers all over the world. Hence, all diversity dimensions are considered in our recruitment process.


We strive to have a fair and equal process and therefore kindly ask you not to attach a cover letter in your application as they often contain information that easily can trigger unintentional biases.

**Company Description:**

H\&M is a fashion brand that offers the latest styles and inspiration, from fashion pieces and unique designer collaborations to affordable wardrobe essentials. Our business idea is fashion \& quality at the best price in a sustainable way. Learn more about H\&M here.

**H\&M Fashion USA, Inc. – Maki Assessment Tool:**

*We use an online assessment tool called Maki for skills\-based selection of applicants for sales advisor positions within some of our stores. Maki is not an automated decision\-making tool. Rather, it is a tool that uses an AI\-created avatar to present to you a set of multiple\-choice questions. These questions are prepared by the H\&M hiring team to assess candidates’ ability to perform the duties of the position for which they are applying. The assessment calculates your total score based on predefined point values provided by our H\&M team. The hiring team will review your whole application, including your assessment score, to decide whether to advance each candidate to the next stage. Doing the assessment is optional. If you choose to complete the assessment, your score will be one factor that the hiring team considers.*

*If you have any difficulties or concerns with the online assessment method, you can request an alternative method of assessment by contacting* *recruitment\_support@hm.com**. Choosing an alternative method will not affect your chances of being considered for the position, nor does any assessment method provide an advantage or disadvantage in the selection process. You will have the opportunity to provide optional feedback immediately after the assessment and you may always ask questions.*

*When you take the assessment, we collect your responses and use this information to evaluate your suitability for the role to which you have applied. The answers are saved in your applicant profile. We do not sell the information captured in the questionnaire and do not use any personal information to train any AI models. Our applicant tracking system provider has access to this information but is contractually prohibited from using it for any other purpose.*

*During this process, we may collect information from you through cookies, with your consent. This may include details such as your electronic network activity information (IP address, timestamps, and device identifiers). This information is accessible to our hiring team but is otherwise kept confidential. For more information, please refer to our* *Cookie Notice.*

*We retain this information for 3 years in your applicant file and use it as set forth in our Applicant Privacy Notice. For more information on how your personal data is processed by us, please refer to our* *Applicant Privacy Notice**.*"
9,Frontend Engineer,"Date live: 07/13/2026


Business Area: Risk Finance and Treasury


Area of Expertise: Technology


Contract: Permanent


Reference Code: JR\-0000122146


Salary / Rate **$ 120,000\.00 \- $ 175,000\.00**


  
Embark on a transformative journey as a Senior GenAI and Python Developer – AVP. At Barclays, our vision is clear –to redefine the future of banking and help craft innovative solutions. In this role, you will leverage your deep AWS expertise to help a large cross\-functional team deliver multiple Generative AI solutions each year. These programs will have a direct impact on both end users and the business by reducing manual effort, streamlining workflows, and accelerating key processes. You will play a critical role in developing transformative AI technologies while gaining practical experience with some of the latest large language models available through AWS Bedrock.


To be successful as a Senior GenAI and Python Developer – AVP, you should have:


* Practical development experience with Python 3\.12\+ and ample proficiency in LangChain, machine learning frameworks, the Amazon Bedrock SDK, and related AI/ML technologies
* Extensive AWS experience, including services such as Amazon EKS, Amazon Bedrock, Knowledge Bases, CloudWatch, AgentCore, Strands SDK, Auto Scaling Groups, Load Balancers, API Gateway, Lambda, Step Functions, AWS Glue, PostgreSQL, and Amazon RD
* Considerable experience developing and deploying FastAPI\-based applications, with experience in frontend/client integration and API consumption patterns
* Experience with observability and FinOps tools, such as Langfuse and Phoenix, to monitor, evaluate, and optimize GenAI application performance and costs
* Experience designing and building Agentic RAG (Retrieval\-Augmented Generation) solutions and multi\-agent AI systems using industry\-standard agentic AI frameworks and best practices

Other highly valued skills include:


* Experience working with Large Language Models (LLMs) on Amazon Bedrock, including application development, model integration, and orchestration using AWS SDKs and related services
* Proven experience building and maintaining CI/CD pipelines to support automated testing, continuous integration, and deployment of applications to Kubernetes\-based environments
* Ample understanding of AI guardrails, governance, and security best practices, particularly when working with sensitive financial data and regulated datasets
* Familiarity with GitLab and GitLab CI/CD for source control management, automated builds, and deployment workflows
* Working knowledge of Helm charts, AWS CloudFormation, and infrastructure\-as\-code practices to enable scalable, repeatable, and seamless deployments to Amazon EKS environments

You may be assessed on the key critical skills relevant for success in this role, such as risk and controls, change and transformation, business acumen, strategic thinking, digital and technology, as well as job\-specific technical skills.


This role is located in our Whippany, NJ office.


Minimum Salary: $120,000


Maximum Salary: $175,000


The minimum and maximum salary/rate information above includes only base salary or base hourly rate. It does not include any other type of compensation or benefits that may be available.


Barclays employees are eligible for a suite of competitive and generous employee benefits, including medical, dental and vision coverage, 401(k), life insurance, and other paid leave for qualifying circumstances.


This position is eligible for an incentive award.


**Purpose of the role**


To design, develop and improve software, utilising various engineering methodologies, that provides business, platform, and technology capabilities for our customers and colleagues.


**Accountabilities**


* Development and delivery of high\-quality software solutions by using industry aligned programming languages, frameworks, and tools. Ensuring that code is scalable, maintainable, and optimized for performance.
* Cross\-functional collaboration with product managers, designers, and other engineers to define software requirements, devise solution strategies, and ensure seamless integration and alignment with business objectives.
* Collaboration with peers, participate in code reviews, and promote a culture of code quality and knowledge sharing.
* Stay informed of industry technology trends and innovations and actively contribute to the organization’s technology communities to foster a culture of technical excellence and growth.
* Adherence to secure coding practices to mitigate vulnerabilities, protect sensitive data, and ensure secure software solutions.
* Implementation of effective unit testing practices to ensure proper code design, readability, and reliability.

**Assistant Vice President Expectations**


* To advise and influence decision making, contribute to policy development and take responsibility for operational effectiveness. Collaborate closely with other functions/ business divisions.
* Lead a team performing complex tasks, using well developed professional knowledge and skills to deliver on work that impacts the whole business function. Set objectives and coach employees in pursuit of those objectives, appraisal of performance relative to objectives and determination of reward outcomes
* If the position has leadership responsibilities, People Leaders are expected to demonstrate a clear set of leadership behaviours to create an environment for colleagues to thrive and deliver to a consistently excellent standard. The four LEAD behaviours are: L – Listen and be authentic, E – Energise and inspire, A – Align across the enterprise, D – Develop others.
* OR for an individual contributor, they will lead collaborative assignments and guide team members through structured assignments, identify the need for the inclusion of other areas of specialisation to complete assignments. They will identify new directions for assignments and/ or projects, identifying a combination of cross functional methodologies or practices to meet required outcomes.
* Consult on complex issues; providing advice to People Leaders to support the resolution of escalated issues.
* Identify ways to mitigate risk and developing new policies/procedures in support of the control and governance agenda.
* Take ownership for managing risk and strengthening controls in relation to the work done.
* Perform work that is closely related to that of other areas, which requires understanding of how areas coordinate and contribute to the achievement of the objectives of the organisation sub\-function.
* Collaborate with other areas of work, for business aligned support areas to keep up to speed with business activity and the business strategy.
* Engage in complex analysis of data from multiple sources of information, internal and external sources such as procedures and practises (in other areas, teams, companies, etc).to solve problems creatively and effectively.
* Communicate complex information. 'Complex' information could include sensitive information or information that is difficult to communicate because of its content or its audience.
* Influence or convince stakeholders to achieve outcomes.

All colleagues will be expected to demonstrate the Barclays Values of Respect, Integrity, Service, Excellence and Stewardship – our moral compass, helping us do what we believe is right. They will also be expected to demonstrate the Barclays Mindset – to Empower, Challenge and Drive – the operating manual for how we behave."
112,Customer Success Manager,"**DESCRIPTION**
---------------


The Sr. Account Manager is responsible for managing end\-to\-end customer relationships within the Retail and CPG vertical, driving cloud adoption and revenue growth across AWS's 200\+ services, with particular emphasis on GenAI and Agentic AI solutions. This role requires deep industry expertise in CPG or Manufacturing business models, strategic account planning, and the ability to engage C\-suite executives to drive digital transformation and AI\-powered innovation initiatives.  

  

Key job responsibilities  

Strategic Account Management  

* Manage customer relationships across retail and CPG accounts, serving as the primary AWS point of contact
* Develop and execute strategic account plans aligned to customer business outcomes and AWS growth objectives
* Drive annual revenue quota through new workload acquisition, service expansion, and multi\-year agreements
* Build and maintain executive relationships with C\-level stakeholders including Chief Digital Officers, Chief Marketing Officers, Chief Merchandising Officers, Chief Product \& Technology Officers, and Chief Information Officers


Sales Execution  

* Identify, qualify, and close sales opportunities across all stages (Prospect through Closed/Won)
* Articulate AWS value propositions for retail\-specific use cases including CPG platforms, personalization, supply chain optimization, customer data platforms, and omnichannel experiences
* Collaborate with Solutions Architects, Customer Solutions Managers, Technical Account Managers, Partner Sales/Development Managers, and Specialist Sales teams to deliver comprehensive solutions and drive partner opportunities
* Leverage AWS Migration Acceleration Program (MAP), Professional Services, and partner ecosystem to accelerate customer adoption
* Coordinate with Marketing on customer references, case studies, and industry events


Business Planning \& Reporting  

* Maintain accurate pipeline and forecast data in Salesforce (SFDC)
* Conduct regular business reviews with customers and internal stakeholders
* Track key performance indicators including pipeline, win rates, customer meetings, and partner engagements
* Develop Value Maps and business cases demonstrating ROI and TCO benefits

  

A day in the life  

AWS values diverse experiences. Even if you do not meet all of the qualifications and skills listed in the 8 description, we encourage candidates to apply. If your career is just starting, hasn’t followed a traditional path, or includes alternative experiences, don’t let it stop you from applying.
  

  

Why AWS?  

Amazon Web Services (AWS) is the world’s most comprehensive and broadly adopted cloud platform. We pioneered cloud computing and never stopped innovating — that’s why customers from the most successful startups to Global 500 companies trust our robust suite of products and services to power their businesses.  

  

Inclusive Team Culture  

Here at AWS, it’s in our nature to learn and be curious. Our employee\-led affinity groups foster a culture of inclusion that empower us to be proud of our differences. Ongoing events and learning experiences, including our Conversations on Race and Ethnicity (CORE) and AmazeCon (diversity) conferences, inspire us to never stop embracing our uniqueness.  

  

Mentorship \& Career Growth  

We’re continuously raising our performance bar as we strive to become Earth’s Best Employer. That’s why you’ll find endless knowledge\-sharing, mentorship and other career\-advancing resources here to help you develop into a better\-rounded professional.
  

  

Work/Life Balance  

We value work\-life harmony. Achieving success at work should never come at the expense of sacrifices at home, which is why we strive for flexibility as part of our working culture. When we feel supported in the workplace and at home, there’s nothing we can’t achieve in the cloud.
  

AWS Sales, Marketing, and Global Services (SMGS) is responsible for driving revenue, adoption, and growth from the largest and fastest growing small\- and mid\-market accounts to enterprise\-level customers including public sector. The AWS Global Support team interacts with leading companies and believes that world\-class support is critical to customer success. AWS Support also partners with a global list of customers that are building mission\-critical applications on top of AWS services.  

The AWS Industries team is committed to helping industry customers enable their digital transformation journeys. Our primary goal is to meet customers where they are in their cloud journey and work backwards from their industry specific needs to transform their business and their entire industry. Our team speaks the language of our industry customers, which means that we focus on business outcomes and industry use cases on behalf of our customers, whether that is how we build products and solutions, how we sell, how we deliver, or how we partner.  

  

About the team  

We empower retail and e\-commerce leaders to transform businesses through AWS cloud innovation.  

  

Our Culture: We drive excellence through ownership—yet never alone. Each Account Manager owns their territory end\-to\-end, but we lift each other up through knowledge sharing and collective problem\-solving. We embrace growth mindsets, champion customer obsession with backbone, and execute with urgency. We celebrate wins together and rally when teammates need support.  

  

What Makes Us Different: We're not selling services—we're partnering with retail leaders to reimagine customer experience and optimize operations. We bring industry expertise, technical credibility, and genuine commitment.  

  

Together, we're building the future of retail on AWS.**BASIC QUALIFICATIONS**
------------------------

* Experience identifying, developing, negotiating, and closing large\-scale technology deals
* Experience building strategic relationships with stakeholders, including communicating and collaborating across teams and functions
* 4\+ years of technology sales selling enterprise software, networking, infrastructure, managed hosting services, or cloud computing services experience
* Experience creating and implementing long\-term transformational account strategies in a customer\-facing role or equivalent
* Experience engaging and influencing C\-level executives, both business and technical

**PREFERRED QUALIFICATIONS**
----------------------------

* Bachelor's degree in Business Administration, Finance, Economics, Computer Science, Engineering, or a related field
* Experience in financial analysis, retail buying, retail planning \& allocation, product/project management, marketing, business development, consulting, negotiation or supply chain
* 6\+ years of building profitable partner ecosystems experience

  

Amazon is an equal opportunity employer and does not discriminate on the basis of protected veteran status, disability, or other legally protected status.  

  

Our inclusive culture empowers Amazonians to deliver the best results for our customers. If you have a disability and need a workplace accommodation or adjustment during the application and hiring process, including support for the interview or onboarding process, please visit https://amazon.jobs/content/en/how\-we\-hire/accommodations for more information. If the country/region you’re applying in isn’t listed, please contact your Recruiting Partner.  

The base salary range for this position is listed below. Your Amazon package will include sign\-on payments, restricted stock units (RSUs), and sales incentives. Final compensation will be determined based on factors including experience, qualifications, and location. Amazon also offers comprehensive benefits including health insurance (medical, dental, vision, prescription, Basic Life \& AD\&D insurance and option for Supplemental life plans, EAP, Mental Health Support, Medical Advice Line, Flexible Spending Accounts, Adoption and Surrogacy Reimbursement coverage), 401(k) matching, paid time off, and parental leave. Learn more about our benefits at https://amazon.jobs/en/benefits.

  

USA, IL, Chicago \- 142,800\.00 \- 193,200\.00 USD annually  

USA, VA, Arlington \- 142,800\.00 \- 193,200\.00 USD annually"
